timestamp,hour,day_of_week,external_temperature,occupancy_level,solar_availability,machine_A_power,machine_B_power,machine_C_power,hvac_power,lighting_power,total_energy_baseline,machine_A_optimized,hvac_optimized,machine_B_optimized,machine_C_optimized,lighting_optimized,total_energy_optimized,energy_saved
2025-01-01 00:00:00,0,2,5.0,0.2566381752033022,0.0,10,0,0.0,9.362848978456137,0.5132763504066044,19.876125328862738,0,9.362848978456137,0,0.0,0.5132763504066044,9.876125328862742,9.999999999999996
2025-01-01 01:00:00,1,2,6.294095225512604,0.2110973578140071,0.0,10,0,0.0,8.31547499997269,0.4221947156280142,18.737669715600703,0,8.31547499997269,0,0.0,0.4221947156280142,8.737669715600704,9.999999999999998
2025-01-01 02:00:00,2,2,7.5,0.14225214872619754,0.0,10,0,0.0,7.062656156529864,0.2845042974523951,17.34716045398226,0,7.062656156529864,0,0.0,0.2845042974523951,7.3471604539822595,10.0
2025-01-01 03:00:00,3,2,8.535533905932738,0.02935024819530044,0.0,10,0,0.0,5.3951854216780815,0.05870049639060088,15.453885918068684,0,5.3951854216780815,0,0.0,0.05870049639060088,5.453885918068682,10.000000000000002
2025-01-01 04:00:00,4,2,9.330127018922193,0.1474847625350497,0.0,10,0,0.0,6.868613207963502,0.2949695250700994,17.1635827330336,0,6.868613207963502,0,0.0,0.2949695250700994,7.163582733033602,9.999999999999998
2025-01-01 05:00:00,5,2,9.829629131445342,0.1420415312341697,0.0,10,0,0.0,6.728698113857235,0.2840830624683394,17.012781176325575,0,6.728698113857235,0,0.0,0.2840830624683394,7.012781176325575,10.0
2025-01-01 06:00:00,6,2,10.0,0.051960560973004555,0.0,10,0,0.0,5.623526731676055,0.10392112194600911,15.727447853622063,0,5.623526731676055,0,0.0,0.10392112194600911,5.727447853622064,10.0
2025-01-01 07:00:00,7,2,9.829629131445342,0.1301554947713919,0.0,10,0,0.0,6.584040641948066,0.2603109895427838,16.84435163149085,0,6.584040641948066,0,0.0,0.2603109895427838,6.84435163149085,9.999999999999998
2025-01-01 08:00:00,8,2,9.330127018922195,0.8404460046972835,0.0,10,0,0.0,15.648344126968903,1.680892009394567,27.32923613636347,10,15.648344126968903,0,0.0,1.680892009394567,27.32923613636347,0.0
2025-01-01 09:00:00,9,2,8.535533905932738,0.8832290311184181,0.6289514135224699,10,8,5.299374186710509,16.892207342789817,1.7664580622368362,41.95803959173716,10,16.892207342789817,8,5.299374186710509,1.7664580622368362,41.95803959173716,0.0
2025-01-01 10:00:00,10,2,7.5,0.608233797718321,0.585443793695033,10,8,3.649402786309926,13.819390066915654,1.216467595436642,36.68526044866222,10,13.819390066915654,8,3.649402786309926,1.216467595436642,36.68526044866222,0.0
2025-01-01 11:00:00,11,2,6.294095225512605,0.9879639408647978,0.8343216099622155,10,8,5.927783645188787,20.51686757584981,1.9759278817295955,46.420579102768194,10,20.51686757584981,8,5.927783645188787,1.9759278817295955,46.420579102768194,0.0
2025-01-01 12:00:00,12,2,5.000000000000001,0.9329770563201687,0.964687994563793,10,8,5.597862337921012,20.86060995744287,1.8659541126403374,46.324426408004214,10,20.86060995744287,8,5.597862337921012,1.8659541126403374,46.324426408004214,0.0
2025-01-01 13:00:00,13,2,3.705904774487396,0.6849356442713105,0.778381446506965,10,8,4.109613865627863,17.53027789964718,1.369871288542621,41.009763053817665,10,17.53027789964718,8,4.109613865627863,1.369871288542621,41.009763053817665,0.0
2025-01-01 14:00:00,14,2,2.5000000000000013,0.6727299868828402,0.7858063447349499,10,8,4.0363799212970415,18.118234744215385,1.3454599737656805,41.500074639278104,10,18.118234744215385,8,4.0363799212970415,1.3454599737656805,41.500074639278104,0.0
2025-01-01 15:00:00,15,2,1.4644660940672645,0.6733618039413735,0.6399895468301421,10,8,4.040170823648241,18.827844155798104,1.346723607882747,42.21473858732909,10,18.827844155798104,8,4.040170823648241,1.346723607882747,42.21473858732909,0.0
2025-01-01 16:00:00,16,2,0.669872981077809,0.7216968971838151,0.8847464665959685,10,8,4.330181383102891,20.393886486092804,1.4433937943676303,44.16746166356332,10,20.393886486092804,8,4.330181383102891,1.4433937943676303,44.16746166356332,0.0
2025-01-01 17:00:00,17,2,0.17037086855465766,0.8099025726528951,0.5935218742787617,10,8,4.859415435917371,22.67987279361617,1.6198051453057902,47.15909337483933,10,22.67987279361617,8,4.859415435917371,1.6198051453057902,47.15909337483933,0.0
2025-01-01 18:00:00,18,2,0.0,0.7727780074568463,0.0,10,8,4.636668044741078,22.001116164050618,1.5455560149136927,46.18334022370539,10,22.001116164050618,0,4.636668044741078,1.5455560149136927,38.18334022370539,8.0
2025-01-01 19:00:00,19,2,0.17037086855465766,0.7164916560792167,0.0,10,8,0.0,20.64074712798439,1.4329833121584334,40.073730440142825,10,20.64074712798439,0,0.0,1.4329833121584334,32.073730440142825,8.0
2025-01-01 20:00:00,20,2,0.6698729810778072,0.8447411578889518,0.0,10,8,0.0,23.018436195882746,1.6894823157779035,42.707918511660644,10,23.018436195882746,0,0.0,1.6894823157779035,34.707918511660644,8.0
2025-01-01 21:00:00,21,2,1.4644660940672614,0.175732674382039,0.0,10,8,0.0,8.6087642931526,0.351465348764078,26.960229641916676,0,8.6087642931526,0,0.0,0.351465348764078,8.960229641916678,18.0
2025-01-01 22:00:00,22,2,2.4999999999999982,0.28206907242748724,0.0,10,0,0.0,10.500346912336001,0.5641381448549745,21.064485057190975,0,10.500346912336001,0,0.0,0.5641381448549745,11.064485057190975,10.0
2025-01-01 23:00:00,23,2,3.705904774487392,0.17264225336276368,0.0,10,0,0.0,8.158333822965472,0.34528450672552735,18.503618329691,0,8.158333822965472,0,0.0,0.34528450672552735,8.503618329691,10.000000000000002
2025-01-02 00:00:00,0,3,5.0,0.11645097786195657,0.0,10,0,0.0,6.979666623653262,0.23290195572391315,17.212568579377177,0,6.979666623653262,0,0.0,0.23290195572391315,7.212568579377176,10.0
2025-01-02 01:00:00,1,3,6.294095225512604,0.19298646553270596,0.0,10,0,0.0,8.031027050421574,0.3859729310654119,18.416999981486985,0,8.031027050421574,0,0.0,0.3859729310654119,8.416999981486986,9.999999999999998
2025-01-02 02:00:00,2,3,7.5,0.137475867147455,0.0,10,0,0.0,6.993400073638098,0.27495173429491,17.26835180793301,0,6.993400073638098,0,0.0,0.27495173429491,7.268351807933008,10.0
2025-01-02 03:00:00,3,3,8.535533905932738,0.16368503679478047,0.0,10,0,0.0,7.2039316280294745,0.32737007358956094,17.531301701619032,0,7.2039316280294745,0,0.0,0.32737007358956094,7.531301701619036,9.999999999999996
2025-01-02 04:00:00,4,3,9.330127018922193,0.28243944263295756,0.0,10,0,0.0,8.578471863005984,0.5648788852659151,19.1433507482719,0,8.578471863005984,0,0.0,0.5648788852659151,9.1433507482719,10.0
2025-01-02 05:00:00,5,3,9.829629131445342,0.11583079134023228,0.0,10,0,0.0,6.409703688608796,0.23166158268046455,16.64136527128926,0,6.409703688608796,0,0.0,0.23166158268046455,6.641365271289261,10.0
2025-01-02 06:00:00,6,3,10.0,0.28835716914717424,0.0,10,0,0.0,8.460286029766092,0.5767143382943485,19.03700036806044,0,8.460286029766092,0,0.0,0.5767143382943485,9.03700036806044,10.0
2025-01-02 07:00:00,7,3,9.829629131445342,0.2716051925868191,0.0,10,0,0.0,8.3055359236068,0.5432103851736382,18.848746308780438,0,8.3055359236068,0,0.0,0.5432103851736382,8.84874630878044,9.999999999999998
2025-01-02 08:00:00,8,3,9.330127018922195,0.6260206371941118,0.0,10,0,0.0,12.931601956782789,1.2520412743882237,24.18364323117101,10,12.931601956782789,0,0.0,1.2520412743882237,24.18364323117101,0.0
2025-01-02 09:00:00,9,3,8.535533905932738,0.9795542149013333,0.9949801161949726,10,8,5.877325289408,18.18917451383968,1.9591084298026666,44.02560823305035,10,18.18917451383968,8,5.877325289408,1.9591084298026666,44.02560823305035,0.0
2025-01-02 10:00:00,10,3,7.5,0.9862528132298237,0.6611769224873615,10,8,5.917516879378942,19.300665791832444,1.9725056264596474,45.19068829767104,10,19.300665791832444,8,5.917516879378942,1.9725056264596474,45.19068829767104,0.0
2025-01-02 11:00:00,11,3,6.294095225512605,0.9233589392465844,0.9049372229273174,10,8,5.5401536354795065,19.502187572478547,1.8467178784931688,44.88905908645122,10,19.502187572478547,8,5.5401536354795065,1.8467178784931688,44.88905908645122,0.0
2025-01-02 12:00:00,12,3,5.000000000000001,0.7218455076693483,0.6273203273818819,10,8,4.33107304601609,17.27137363037892,1.4436910153386966,41.046137691733705,10,17.27137363037892,8,4.33107304601609,1.4436910153386966,41.046137691733705,0.0
2025-01-02 13:00:00,13,3,3.705904774487396,0.6390688456025535,0.8407513611119646,10,8,3.834413073615321,16.691186317111523,1.278137691205107,39.80373708193195,10,16.691186317111523,8,3.834413073615321,1.278137691205107,39.80373708193195,0.0
2025-01-02 14:00:00,14,3,2.5000000000000013,0.8736932106048627,0.8801139299448433,10,8,5.242159263629176,22.037017606794823,1.7473864212097254,47.02656329163372,10,22.037017606794823,8,5.242159263629176,1.7473864212097254,47.02656329163372,0.0
2025-01-02 15:00:00,15,3,1.4644660940672645,0.7760609974958406,0.7978193703039221,10,8,4.656365984975043,20.936826927147813,1.5521219949916811,45.14531490711454,10,20.936826927147813,8,4.656365984975043,1.5521219949916811,45.14531490711454,0.0
2025-01-02 16:00:00,16,3,0.669872981077809,0.6488152939379115,0.7357880942750792,10,8,3.892891763627469,18.83931263151499,1.297630587875823,42.02983498301828,10,18.83931263151499,8,3.892891763627469,1.297630587875823,42.02983498301828,0.0
2025-01-02 17:00:00,17,3,0.17037086855465766,0.798070764044508,0.7059204570736343,10,8,4.788424584267048,22.421588799740835,1.596141528089016,46.80615491209689,10,22.421588799740835,8,4.788424584267048,1.596141528089016,46.80615491209689,0.0
2025-01-02 18:00:00,18,3,0.0,0.6137554084460873,0.0,10,8,3.682532450676524,18.50261898581392,1.2275108168921747,41.41266225338262,10,18.50261898581392,0,3.682532450676524,1.2275108168921747,33.41266225338262,8.0
2025-01-02 19:00:00,19,3,0.17037086855465766,0.9637281608315128,0.0,10,8,0.0,26.037828334481837,1.9274563216630256,45.96528465614486,10,26.037828334481837,0,0.0,1.9274563216630256,37.96528465614486,8.0
2025-01-02 20:00:00,20,3,0.6698729810778072,0.7035119926400067,0.0,10,8,0.0,20.006000162346396,1.4070239852800135,39.41302414762641,10,20.006000162346396,0,0.0,1.4070239852800135,31.41302414762641,8.0
2025-01-02 21:00:00,21,3,1.4644660940672614,0.2090211496092452,0.0,10,8,0.0,9.292360904857695,0.4180422992184904,27.710403204076187,0,9.292360904857695,0,0.0,0.4180422992184904,9.710403204076185,18.0
2025-01-02 22:00:00,22,3,2.4999999999999982,0.1886828540339652,0.0,10,0,0.0,8.679315653662321,0.3773657080679304,19.056681361730252,0,8.679315653662321,0,0.0,0.3773657080679304,9.056681361730252,10.0
2025-01-02 23:00:00,23,3,3.705904774487392,0.26324160405811586,0.0,10,0,0.0,9.815766971955856,0.5264832081162317,20.34225018007209,0,9.815766971955856,0,0.0,0.5264832081162317,10.342250180072089,10.0
2025-01-03 00:00:00,0,4,5.0,0.22052131314116571,0.0,10,0,0.0,8.748862323399816,0.44104262628233143,19.18990494968215,0,8.748862323399816,0,0.0,0.44104262628233143,9.189904949682148,10.0
2025-01-03 01:00:00,1,4,6.294095225512604,0.24104427911545456,0.0,10,0,0.0,8.78581849422229,0.4820885582309091,19.2679070524532,0,8.78581849422229,0,0.0,0.4820885582309091,9.2679070524532,10.0
2025-01-03 02:00:00,2,4,7.5,0.08461037177139194,0.0,10,0,0.0,6.226850390685183,0.16922074354278388,16.396071134227967,0,6.226850390685183,0,0.0,0.16922074354278388,6.396071134227967,10.0
2025-01-03 03:00:00,3,4,8.535533905932738,0.05323186313391685,0.0,10,0,0.0,5.716738616290653,0.1064637262678337,15.823202342558485,0,5.716738616290653,0,0.0,0.1064637262678337,5.823202342558487,9.999999999999998
2025-01-03 04:00:00,4,4,9.330127018922193,0.22518442549225748,0.0,10,0,0.0,7.8530580683038815,0.45036885098451496,18.303426919288395,0,7.8530580683038815,0,0.0,0.45036885098451496,8.303426919288396,9.999999999999998
2025-01-03 05:00:00,5,4,9.829629131445342,0.2420504217801792,0.0,10,0,0.0,7.9458434019548605,0.4841008435603584,18.42994424551522,0,7.9458434019548605,0,0.0,0.4841008435603584,8.42994424551522,10.0
2025-01-03 06:00:00,6,4,10.0,0.297151542600202,0.0,10,0,0.0,8.565818511202423,0.594303085200404,19.160121596402828,0,8.565818511202423,0,0.0,0.594303085200404,9.160121596402826,10.000000000000002
2025-01-03 07:00:00,7,4,9.829629131445342,0.12378530307342794,0.0,10,0,0.0,6.506513046480057,0.2475706061468559,16.754083652626914,0,6.506513046480057,0,0.0,0.2475706061468559,6.754083652626913,10.0
2025-01-03 08:00:00,8,4,9.330127018922195,0.6353970008207678,0.0,10,0,0.0,13.050399292956918,1.2707940016415356,24.321193294598455,10,13.050399292956918,0,0.0,1.2707940016415356,24.321193294598455,0.0
2025-01-03 09:00:00,9,4,8.535533905932738,0.6783931449676581,0.5818279714328523,10,8,4.070358869805949,14.13420149886469,1.3567862899353162,37.561346658605956,10,14.13420149886469,8,4.070358869805949,1.3567862899353162,37.561346658605956,0.0
2025-01-03 10:00:00,10,4,7.5,0.6180909155642152,0.5821328989654965,10,8,3.7085454933852917,13.96231827568112,1.2361818311284305,36.90704560019485,10,13.96231827568112,8,3.7085454933852917,1.2361818311284305,36.90704560019485,0.0
2025-01-03 11:00:00,11,4,6.294095225512605,0.7301321323053057,0.907287360115691,10,8,4.3807927938318345,16.467385742780564,1.4602642646106114,40.30844280122301,10,16.467385742780564,8,4.3807927938318345,1.4602642646106114,40.30844280122301,0.0
2025-01-03 12:00:00,12,4,5.000000000000001,0.7554709158757928,0.8325986103481,10,8,4.532825495254757,17.84300556988848,1.5109418317515857,41.88677289689482,10,17.84300556988848,8,4.532825495254757,1.5109418317515857,41.88677289689482,0.0
2025-01-03 13:00:00,13,4,3.705904774487396,0.7085396127095583,0.7615327123845597,10,8,4.25123767625735,17.962091145956478,1.4170792254191167,41.63040804763294,10,17.962091145956478,8,4.25123767625735,1.4170792254191167,41.63040804763294,0.0
2025-01-03 14:00:00,14,4,2.5000000000000013,0.9314950036607718,0.6794152420617512,10,8,5.588970021964631,23.16415257138505,1.8629900073215435,48.61611260067122,10,23.16415257138505,8,5.588970021964631,1.8629900073215435,48.61611260067122,0.0
2025-01-03 15:00:00,15,4,1.4644660940672645,0.7427013306774357,0.9386002704065541,10,8,4.456207984064614,20.25176835810784,1.4854026613548714,44.19337900352732,10,20.25176835810784,8,4.456207984064614,1.4854026613548714,44.19337900352732,0.0
2025-01-03 16:00:00,16,4,0.669872981077809,0.7123738038749523,0.6962225537113177,10,8,4.274242823249714,20.195023721605498,1.4247476077499046,43.89401415260512,10,20.195023721605498,8,4.274242823249714,1.4247476077499046,43.89401415260512,0.0
2025-01-03 17:00:00,17,4,0.17037086855465766,0.8170784332632994,0.9082997197357885,10,8,4.902470599579797,22.83651916944024,1.6341568665265989,47.37314663554663,10,22.83651916944024,8,4.902470599579797,1.6341568665265989,47.37314663554663,0.0
2025-01-03 18:00:00,18,4,0.0,0.6563696899899051,0.0,10,8,3.9382181399394307,19.44013317977791,1.3127393799798102,42.69109069969715,10,19.44013317977791,0,3.9382181399394307,1.3127393799798102,34.69109069969715,8.0
2025-01-03 19:00:00,19,4,0.17037086855465766,0.9208787923016158,0.0,10,8,0.0,25.10244251095756,1.8417575846032317,44.94420009556079,10,25.10244251095756,0,0.0,1.8417575846032317,36.94420009556079,8.0
2025-01-03 20:00:00,20,4,0.6698729810778072,0.6298202574719083,0.0,10,8,0.0,18.43414609096608,1.2596405149438166,37.6937866059099,10,18.43414609096608,0,0.0,1.2596405149438166,29.6937866059099,8.0
2025-01-03 21:00:00,21,4,1.4644660940672614,0.2686569685488601,0.0,10,8,0.0,10.517014286700222,0.5373139370977202,29.054328223797945,0,10.517014286700222,0,0.0,0.5373139370977202,11.054328223797942,18.000000000000004
2025-01-03 22:00:00,22,4,2.4999999999999982,0.11676050362024892,0.0,10,0,0.0,7.276829820594854,0.23352100724049785,17.510350827835353,0,7.276829820594854,0,0.0,0.23352100724049785,7.510350827835351,10.000000000000002
2025-01-03 23:00:00,23,4,3.705904774487392,0.003251295444089508,0.0,10,0,0.0,5.0594795084604485,0.006502590888179016,15.065982099348627,0,5.0594795084604485,0,0.0,0.006502590888179016,5.065982099348627,10.0
2025-01-04 00:00:00,0,5,5.0,0.2716145929257791,0.0,10,0,0.0,9.617448079738246,0.5432291858515582,20.160677265589804,0,9.617448079738246,0,0.0,0.5432291858515582,10.160677265589804,10.0
2025-01-04 01:00:00,1,5,6.294095225512604,0.027386003035840066,0.0,10,0,0.0,5.430121955834727,0.05477200607168013,15.484893961906407,0,5.430121955834727,0,0.0,0.05477200607168013,5.4848939619064065,10.0
2025-01-04 02:00:00,2,5,7.5,0.09579409127712446,0.0,10,0,0.0,6.389014323518305,0.19158818255424892,16.58060250607255,0,6.389014323518305,0,0.0,0.19158818255424892,6.5806025060725535,9.999999999999998
2025-01-04 03:00:00,3,5,8.535533905932738,0.28501859011524144,0.0,10,0,0.0,8.837623142785523,0.5700371802304829,19.407660323016007,0,8.837623142785523,0,0.0,0.5700371802304829,9.407660323016005,10.000000000000002
2025-01-04 04:00:00,4,5,9.330127018922193,0.2851821440812668,0.0,10,0,0.0,8.61322154198108,0.5703642881625336,19.183585830143613,0,8.61322154198108,0,0.0,0.5703642881625336,9.183585830143613,10.0
2025-01-04 05:00:00,5,5,9.829629131445342,0.17203136643698583,0.0,10,0,0.0,7.093685530562343,0.34406273287397166,17.437748263436315,0,7.093685530562343,0,0.0,0.34406273287397166,7.437748263436315,10.0
2025-01-04 06:00:00,6,5,10.0,0.18955116365093977,0.0,10,0,0.0,7.2746139638112775,0.37910232730187954,17.653716291113156,0,7.2746139638112775,0,0.0,0.37910232730187954,7.653716291113157,10.0
2025-01-04 07:00:00,7,5,9.829629131445342,0.13453365659349592,0.0,10,0,0.0,6.637324495045619,0.26906731318699184,16.90639180823261,0,6.637324495045619,0,0.0,0.26906731318699184,6.906391808232611,9.999999999999998
2025-01-04 08:00:00,8,5,9.330127018922195,0.9452413703502374,0.0,10,0,0.0,16.976088098797433,1.8904827407004747,28.866570839497907,10,16.976088098797433,0,0.0,1.8904827407004747,28.866570839497907,0.0
2025-01-04 09:00:00,9,5,8.535533905932738,0.8493192507310232,0.6674528073285431,10,8,5.09591550438614,16.435630254506474,1.6986385014620464,41.23018426035467,10,16.435630254506474,8,5.09591550438614,1.6986385014620464,41.23018426035467,0.0
2025-01-04 10:00:00,10,5,7.5,0.7323592099410596,0.5696360363316937,10,8,4.394155259646357,15.619208544145364,1.4647184198821193,39.47808222367384,10,15.619208544145364,8,4.394155259646357,1.4647184198821193,39.47808222367384,0.0
2025-01-04 11:00:00,11,5,6.294095225512605,0.6254233401144095,0.8970125946351479,10,8,3.7525400406864566,14.822839423578758,1.250846680228819,37.82622614449403,10,14.822839423578758,8,3.7525400406864566,1.250846680228819,37.82622614449403,0.0
2025-01-04 12:00:00,12,5,5.000000000000001,0.7243929286862649,0.8100363779642568,10,8,4.34635757211759,17.314679787666506,1.4487858573725299,41.109823217156624,10,17.314679787666506,8,4.34635757211759,1.4487858573725299,41.109823217156624,0.0
2025-01-04 13:00:00,13,5,3.705904774487396,0.7300733288106989,0.7667305459881608,10,8,4.380439972864194,18.356030998869898,1.4601466576213977,42.196617629355494,10,18.356030998869898,8,4.380439972864194,1.4601466576213977,42.196617629355494,0.0
2025-01-04 14:00:00,14,5,2.5000000000000013,0.8918424713352255,0.9469462915254788,10,8,5.351054828011353,22.3909281910369,1.783684942670451,47.525667961718696,10,22.3909281910369,8,5.351054828011353,1.783684942670451,47.525667961718696,0.0
2025-01-04 15:00:00,15,5,1.4644660940672645,0.8550229885420852,0.8942986056122654,10,8,5.130137931252511,22.558353571557927,1.7100459770841705,47.39853747989461,10,22.558353571557927,8,5.130137931252511,1.7100459770841705,47.39853747989461,0.0
2025-01-04 16:00:00,16,5,0.669872981077809,0.9548850970305306,0.5758374398663756,10,8,5.729310582183183,25.36782040813706,1.9097701940610612,51.0069011843813,10,25.36782040813706,8,5.729310582183183,1.9097701940610612,51.0069011843813,0.0
2025-01-04 17:00:00,17,5,0.17037086855465766,0.7888859700647797,0.6558610338977742,10,8,4.733315820388678,22.221088153514636,1.5777719401295593,46.53217591403287,10,22.221088153514636,8,4.733315820388678,1.5777719401295593,46.53217591403287,0.0
2025-01-04 18:00:00,18,5,0.0,0.6478376983753207,0.0,10,8,3.887026190251924,19.252429364257054,1.2956753967506414,42.435130951259616,10,19.252429364257054,0,3.887026190251924,1.2956753967506414,34.435130951259616,8.0
2025-01-04 19:00:00,19,5,0.17037086855465766,0.885297914889198,0.0,10,8,0.0,24.325725152873055,1.770595829778396,44.09632098265145,10,24.325725152873055,0,0.0,1.770595829778396,36.09632098265145,8.0
2025-01-04 20:00:00,20,5,0.6698729810778072,0.9043140194467589,0.0,10,8,0.0,24.28913289979144,1.8086280388935179,44.09776093868496,10,24.28913289979144,0,0.0,1.8086280388935179,36.09776093868496,8.0
2025-01-04 21:00:00,21,5,1.4644660940672614,0.035120104928281756,0.0,10,8,0.0,5.721210105534645,0.07024020985656351,23.79145031539121,0,5.721210105534645,0,0.0,0.07024020985656351,5.7914503153912085,18.0
2025-01-04 22:00:00,22,5,2.4999999999999982,0.042897504615850755,0.0,10,0,0.0,5.8365013400090895,0.08579500923170151,15.92229634924079,0,5.8365013400090895,0,0.0,0.08579500923170151,5.922296349240791,10.0
2025-01-04 23:00:00,23,5,3.705904774487392,0.22845318951524166,0.0,10,0,0.0,9.17934440356391,0.4569063790304833,19.63625078259439,0,9.17934440356391,0,0.0,0.4569063790304833,9.636250782594393,9.999999999999998
2025-01-05 00:00:00,0,6,5.0,0.1854654189948783,0.0,10,0,0.0,8.15291212291293,0.3709308379897566,18.523842960902687,0,8.15291212291293,0,0.0,0.3709308379897566,8.523842960902687,10.0
2025-01-05 01:00:00,1,6,6.294095225512604,0.03033680283683707,0.0,10,0,0.0,5.476466936517762,0.06067360567367414,15.537140542191437,0,5.476466936517762,0,0.0,0.06067360567367414,5.537140542191437,10.0
2025-01-05 02:00:00,2,6,7.5,0.02523204183449923,0.0,10,0,0.0,5.365864606600239,0.05046408366899846,15.416328690269237,0,5.365864606600239,0,0.0,0.05046408366899846,5.416328690269237,10.0
2025-01-05 03:00:00,3,6,8.535533905932738,0.210290739437736,0.0,10,0,0.0,7.83145253105573,0.420581478875472,18.252034009931204,0,7.83145253105573,0,0.0,0.420581478875472,8.2520340099312,10.000000000000004
2025-01-05 04:00:00,4,6,9.330127018922193,0.02182890190925806,0.0,10,0,0.0,5.276569414506707,0.04365780381851612,15.320227218325222,0,5.276569414506707,0,0.0,0.04365780381851612,5.320227218325223,10.0
2025-01-05 05:00:00,5,6,9.829629131445342,0.24655801778710684,0.0,10,0,0.0,8.000702517084786,0.4931160355742137,18.493818552659,0,8.000702517084786,0,0.0,0.4931160355742137,8.493818552659,10.0
2025-01-05 06:00:00,6,6,10.0,0.21187266814694886,0.0,10,0,0.0,7.542472017763386,0.4237453362938977,17.966217354057285,0,7.542472017763386,0,0.0,0.4237453362938977,7.966217354057284,10.0
2025-01-05 07:00:00,7,6,9.829629131445342,0.02440463419256993,0.0,10,0,0.0,5.297013449034986,0.04880926838513986,15.345822717420125,0,5.297013449034986,0,0.0,0.04880926838513986,5.345822717420126,10.0
2025-01-05 08:00:00,8,6,9.330127018922195,0.9630265895704372,0.0,10,0,0.0,17.201424567257988,1.9260531791408744,29.127477746398863,10,17.201424567257988,0,0.0,1.9260531791408744,29.127477746398863,0.0
2025-01-05 09:00:00,9,6,8.535533905932738,0.69971689165955,0.8611262841965331,10,8,4.198301349957299,14.421314363196146,1.3994337833191,38.01904949647254,10,14.421314363196146,8,4.198301349957299,1.3994337833191,38.01904949647254,0.0
2025-01-05 10:00:00,10,6,7.5,0.7641531692142519,0.8600182682730372,10,8,4.584919015285512,16.080220953606652,1.5283063384285038,40.19344630732067,10,16.080220953606652,8,4.584919015285512,1.5283063384285038,40.19344630732067,0.0
2025-01-05 11:00:00,11,6,6.294095225512605,0.9022204554172195,0.8205738164426486,10,8,5.4133227325033175,19.1701885583775,1.804440910834439,44.38795220171526,10,19.1701885583775,8,5.4133227325033175,1.804440910834439,44.38795220171526,0.0
2025-01-05 12:00:00,12,6,5.000000000000001,0.6915192661966489,0.84697422223355,10,8,4.149115597179893,16.75582752534303,1.3830385323932979,40.28798165491622,10,16.75582752534303,8,4.149115597179893,1.3830385323932979,40.28798165491622,0.0
2025-01-05 13:00:00,13,6,3.705904774487396,0.6307919639315172,0.7713622216737981,10,8,3.784751783589103,16.539768255651286,1.2615839278630343,39.58610396710342,10,16.539768255651286,8,3.784751783589103,1.2615839278630343,39.58610396710342,0.0
2025-01-05 14:00:00,14,6,2.5000000000000013,0.7159005811655073,0.6258995294534764,10,8,4.2954034869930435,18.960061332727392,1.4318011623310145,42.68726598205145,10,18.960061332727392,8,4.2954034869930435,1.4318011623310145,42.68726598205145,0.0
2025-01-05 15:00:00,15,6,1.4644660940672645,0.6644885149016018,0.6728479967519597,10,8,3.9869310894096106,18.645626427864734,1.3289770298032035,41.96153454707755,10,18.645626427864734,8,3.9869310894096106,1.3289770298032035,41.96153454707755,0.0
2025-01-05 16:00:00,16,6,0.669872981077809,0.9718790609370292,0.5907988584007129,10,8,5.831274365622176,25.730303816817653,1.9437581218740585,51.50533630431389,10,25.730303816817653,8,5.831274365622176,1.9437581218740585,51.50533630431389,0.0
2025-01-05 17:00:00,17,6,0.17037086855465766,0.9232481518257668,0.9542252806668141,10,8,5.539488910954601,25.15416475064883,1.8464963036515336,50.54014996525497,10,25.15416475064883,8,5.539488910954601,1.8464963036515336,50.54014996525497,0.0
2025-01-05 18:00:00,18,6,0.0,0.8533615026041694,0.0,10,8,5.120169015625017,23.773953057291727,1.7067230052083389,48.60084507812508,10,23.773953057291727,0,5.120169015625017,1.7067230052083389,40.60084507812508,8.0
2025-01-05 19:00:00,19,6,0.17037086855465766,0.9485842360750871,0.0,10,8,0.0,25.707242073454548,1.8971684721501743,45.60441054560473,10,25.707242073454548,0,0.0,1.8971684721501743,37.60441054560473,8.0
2025-01-05 20:00:00,20,6,0.6698729810778072,0.9214688307596458,0.0,10,8,0.0,24.65504720408096,1.8429376615192916,44.49798486560025,10,24.65504720408096,0,0.0,1.8429376615192916,36.49798486560025,8.0
2025-01-05 21:00:00,21,6,1.4644660940672614,0.27190631552842076,0.0,10,8,0.0,10.58374136177113,0.5438126310568415,29.127553992827973,0,10.58374136177113,0,0.0,0.5438126310568415,11.127553992827972,18.0
2025-01-05 22:00:00,22,6,2.4999999999999982,0.033359244691845404,0.0,10,0,0.0,5.650505271490985,0.06671848938369081,15.717223760874676,0,5.650505271490985,0,0.0,0.06671848938369081,5.717223760874676,10.0
2025-01-05 23:00:00,23,6,3.705904774487392,0.14778753128725775,0.0,10,0,0.0,7.703639170512517,0.2955750625745155,17.99921423308703,0,7.703639170512517,0,0.0,0.2955750625745155,7.999214233087033,9.999999999999998
2025-01-06 00:00:00,0,0,5.0,0.0034060934302257207,0.0,10,0,0.0,5.057903588313837,0.0068121868604514415,15.064715775174289,0,5.057903588313837,0,0.0,0.0068121868604514415,5.064715775174289,10.0
2025-01-06 01:00:00,1,0,6.294095225512604,0.1405981925982379,0.0,10,0,0.0,7.208221824412963,0.2811963851964758,17.48941820960944,0,7.208221824412963,0,0.0,0.2811963851964758,7.489418209609439,10.0
2025-01-06 02:00:00,2,0,7.5,0.016890982704551204,0.0,10,0,0.0,5.244919249215992,0.03378196540910241,15.278701214625096,0,5.244919249215992,0,0.0,0.03378196540910241,5.2787012146250945,10.000000000000002
2025-01-06 03:00:00,3,0,8.535533905932738,0.035645374880421576,0.0,10,0,0.0,5.479945941487753,0.07129074976084315,15.551236691248596,0,5.479945941487753,0,0.0,0.07129074976084315,5.551236691248596,10.0
2025-01-06 04:00:00,4,0,9.330127018922193,0.035257874033131464,0.0,10,0,0.0,5.446712785582617,0.07051574806626293,15.51722853364888,0,5.446712785582617,0,0.0,0.07051574806626293,5.51722853364888,10.0
2025-01-06 05:00:00,5,0,9.829629131445342,0.19476309063481906,0.0,10,0,0.0,7.370339044531672,0.3895261812696381,17.75986522580131,0,7.370339044531672,0,0.0,0.3895261812696381,7.7598652258013106,10.0
2025-01-06 06:00:00,6,0,10.0,0.223813463779627,0.0,10,0,0.0,7.685761565355524,0.447626927559254,18.13338849291478,0,7.685761565355524,0,0.0,0.447626927559254,8.133388492914778,10.000000000000002
2025-01-06 07:00:00,7,0,9.829629131445342,0.1750106295291479,0.0,10,0,0.0,7.129944267308954,0.3500212590582958,17.47996552636725,0,7.129944267308954,0,0.0,0.3500212590582958,7.479965526367249,10.0
2025-01-06 08:00:00,8,0,9.330127018922195,0.6027808522124762,0.0,10,0,0.0,12.637156832957906,1.2055617044249525,23.842718537382858,10,12.637156832957906,0,0.0,1.2055617044249525,23.842718537382858,0.0
2025-01-06 09:00:00,9,0,8.535533905932738,0.8042989210310263,0.5762695214571307,10,8,4.825793526186158,15.829455551717135,1.6085978420620526,40.263846919965346,10,15.829455551717135,8,4.825793526186158,1.6085978420620526,40.263846919965346,0.0
2025-01-06 10:00:00,10,0,7.5,0.7669644012595116,0.7881441800834066,10,8,4.60178640755707,16.120983818262918,1.5339288025190232,40.25669902833901,10,16.120983818262918,8,4.60178640755707,1.5339288025190232,40.25669902833901,0.0
2025-01-06 11:00:00,11,0,6.294095225512605,0.6888431241882921,0.803357523191428,10,8,4.133058745129753,15.81890451306171,1.3776862483765842,39.329649506568046,10,15.81890451306171,8,4.133058745129753,1.3776862483765842,39.329649506568046,0.0
2025-01-06 12:00:00,12,0,5.000000000000001,0.6479461469334731,0.712065335651193,10,8,3.8876768816008385,16.01508449786904,1.2958922938669462,39.19865367333683,10,16.01508449786904,8,3.8876768816008385,1.2958922938669462,39.19865367333683,0.0
2025-01-06 13:00:00,13,0,3.705904774487396,0.7350460685614512,0.8682221178123615,10,8,4.410276411368707,18.447002773401852,1.4700921371229023,42.327371321893466,10,18.447002773401852,8,4.410276411368707,1.4700921371229023,42.327371321893466,0.0
2025-01-06 14:00:00,14,0,2.5000000000000013,0.9771638815650077,0.9671835073845074,10,8,5.862983289390046,24.05469569051765,1.9543277631300153,49.87200674303771,10,24.05469569051765,8,5.862983289390046,1.9543277631300153,49.87200674303771,0.0
2025-01-06 15:00:00,15,0,1.4644660940672645,0.7292811728083021,0.9627842564533882,10,8,4.375687036849812,19.976178251163276,1.4585623456166041,43.81042763362969,10,19.976178251163276,8,4.375687036849812,1.4585623456166041,43.81042763362969,0.0
2025-01-06 16:00:00,16,0,0.669872981077809,0.8075162486973464,0.725419685702066,10,8,4.845097492184078,22.22442415455796,1.6150324973946928,46.684554144136726,10,22.22442415455796,8,4.845097492184078,1.6150324973946928,46.684554144136726,0.0
2025-01-06 17:00:00,17,0,0.17037086855465766,0.881207583558071,0.5566190229203776,10,8,5.287245501348426,24.236434736889827,1.762415167116142,49.2860954053544,10,24.236434736889827,8,5.287245501348426,1.762415167116142,49.2860954053544,0.0
2025-01-06 18:00:00,18,0,0.0,0.7454518409517176,0.0,10,8,4.472711045710305,21.399940500937788,1.4909036819034351,45.363555228551526,10,21.399940500937788,0,4.472711045710305,1.4909036819034351,37.363555228551526,8.0
2025-01-06 19:00:00,19,0,0.17037086855465766,0.9887128330883843,0.0,10,8,0.0,26.58323446382005,1.9774256661767686,46.56066012999682,10,26.58323446382005,0,0.0,1.9774256661767686,38.56066012999682,8.0
2025-01-06 20:00:00,20,0,0.6698729810778072,0.9849789179768444,0.0,10,8,0.0,26.009725431406633,1.969957835953689,45.97968326736032,10,26.009725431406633,0,0.0,1.969957835953689,37.97968326736032,8.0
2025-01-06 21:00:00,21,0,1.4644660940672614,0.16615628532039622,0.0,10,8,0.0,8.41210803088083,0.33231257064079245,26.74442060152162,0,8.41210803088083,0,0.0,0.33231257064079245,8.744420601521623,18.0
2025-01-06 22:00:00,22,0,2.4999999999999982,0.2907907606857297,0.0,10,0,0.0,10.670419833371728,0.5815815213714594,21.252001354743186,0,10.670419833371728,0,0.0,0.5815815213714594,11.252001354743188,9.999999999999998
2025-01-06 23:00:00,23,0,3.705904774487392,0.15692935325104465,0.0,10,0,0.0,7.870880532052717,0.3138587065020893,18.184739238554805,0,7.870880532052717,0,0.0,0.3138587065020893,8.184739238554807,9.999999999999998
2025-01-07 00:00:00,0,1,5.0,0.18881959144057875,0.0,10,0,0.0,8.209933054489838,0.3776391828811575,18.587572237370996,0,8.209933054489838,0,0.0,0.3776391828811575,8.587572237370996,10.0
2025-01-07 01:00:00,1,1,6.294095225512604,0.20872460669538515,0.0,10,0,0.0,8.278208796850054,0.4174492133907703,18.695658010240823,0,8.278208796850054,0,0.0,0.4174492133907703,8.695658010240823,10.0
2025-01-07 02:00:00,2,1,7.5,0.13636231943033197,0.0,10,0,0.0,6.9772536317398135,0.27272463886066395,17.249978270600476,0,6.9772536317398135,0,0.0,0.27272463886066395,7.249978270600478,9.999999999999998
2025-01-07 03:00:00,3,1,8.535533905932738,0.18826742402521904,0.0,10,0,0.0,7.534920347404946,0.3765348480504381,17.911455195455382,0,7.534920347404946,0,0.0,0.3765348480504381,7.9114551954553844,9.999999999999996
2025-01-07 04:00:00,4,1,9.330127018922193,0.17529429357693008,0.0,10,0,0.0,7.220956433927467,0.35058858715386015,17.57154502108133,0,7.220956433927467,0,0.0,0.35058858715386015,7.571545021081327,10.000000000000004
2025-01-07 05:00:00,5,1,9.829629131445342,0.27034740314729666,0.0,10,0,0.0,8.29022815965326,0.5406948062945933,18.830922965947853,0,8.29022815965326,0,0.0,0.5406948062945933,8.830922965947854,9.999999999999998
2025-01-07 06:00:00,6,1,10.0,0.013633914102437361,0.0,10,0,0.0,5.1636069692292486,0.027267828204874722,15.190874797434125,0,5.1636069692292486,0,0.0,0.027267828204874722,5.190874797434123,10.000000000000002
2025-01-07 07:00:00,7,1,9.829629131445342,0.08428895687766909,0.0,10,0,0.0,6.025827865324843,0.16857791375533818,16.19440577908018,0,6.025827865324843,0,0.0,0.16857791375533818,6.194405779080181,10.0
2025-01-07 08:00:00,8,1,9.330127018922195,0.6579579488364892,0.0,10,0,0.0,13.336243638648808,1.3159158976729783,24.65215953632179,10,13.336243638648808,0,0.0,1.3159158976729783,24.65215953632179,0.0
2025-01-07 09:00:00,9,1,8.535533905932738,0.7957811041110252,0.9599278082063802,10,8,4.774686624666151,15.714767694602308,1.5915622082220504,40.08101652749051,10,15.714767694602308,8,4.774686624666151,1.5915622082220504,40.08101652749051,0.0
2025-01-07 10:00:00,10,1,7.5,0.9942601816442402,0.6731729971829806,10,8,5.965561089865441,19.416772633841482,1.9885203632884805,45.3708540869954,10,19.416772633841482,8,5.965561089865441,1.9885203632884805,45.3708540869954,0.0
2025-01-07 11:00:00,11,1,6.294095225512605,0.6968221086046001,0.6734766009481139,10,8,4.180932651627601,15.944221682501365,1.3936442172092003,39.518798551338165,10,15.944221682501365,8,4.180932651627601,1.3936442172092003,39.518798551338165,0.0
2025-01-07 12:00:00,12,1,5.000000000000001,0.8688542189623514,0.8687506240548741,10,8,5.213125313774109,19.770521722359973,1.7377084379247028,44.72135547405878,10,19.770521722359973,8,5.213125313774109,1.7377084379247028,44.72135547405878,0.0
2025-01-07 13:00:00,13,1,3.705904774487396,0.9046478461314871,0.7261089704449035,10,8,5.427887076788922,21.549713842684298,1.8092956922629742,46.78689661173619,10,21.549713842684298,8,5.427887076788922,1.8092956922629742,46.78689661173619,0.0
2025-01-07 14:00:00,14,1,2.5000000000000013,0.6950550175969599,0.612302411469991,10,8,4.170330105581759,18.553572843140717,1.3901100351939197,42.114012983916396,10,18.553572843140717,8,4.170330105581759,1.3901100351939197,42.114012983916396,0.0
2025-01-07 15:00:00,15,1,1.4644660940672645,0.8912865394447438,0.7262197580663468,10,8,5.347719236668462,23.30304495066899,1.7825730788894876,48.433337266226935,10,23.30304495066899,8,5.347719236668462,1.7825730788894876,48.433337266226935,0.0
2025-01-07 16:00:00,16,1,0.669872981077809,0.7471132530877013,0.5704285101898999,10,8,4.482679518526208,20.93602058588083,1.4942265061754025,44.91292661058244,10,20.93602058588083,8,4.482679518526208,1.4942265061754025,44.91292661058244,0.0
2025-01-07 17:00:00,17,1,0.17037086855465766,0.8529223322374317,0.5881934932531117,10,8,5.1175339934245905,23.618978190670543,1.7058446644748635,48.44235684857,10,23.618978190670543,8,5.1175339934245905,1.7058446644748635,48.44235684857,0.0
2025-01-07 18:00:00,18,1,0.0,0.8534118843043579,0.0,10,8,5.120471305826147,23.775061454695873,1.7068237686087158,48.60235652913073,10,23.775061454695873,0,5.120471305826147,1.7068237686087158,40.60235652913073,8.0
2025-01-07 19:00:00,19,1,0.17037086855465766,0.8143098736299034,0.0,10,8,0.0,22.776082539414915,1.6286197472598067,42.40470228667472,10,22.776082539414915,0,0.0,1.6286197472598067,34.40470228667472,8.0
2025-01-07 20:00:00,20,1,0.6698729810778072,0.6361159080217633,0.0,10,8,0.0,18.568433116861236,1.2722318160435266,37.840664932904765,10,18.568433116861236,0,0.0,1.2722318160435266,29.84066493290476,8.000000000000004
2025-01-07 21:00:00,21,1,1.4644660940672614,0.16082890990323612,0.0,10,8,0.0,8.302707532372107,0.32165781980647223,26.62436535217858,0,8.302707532372107,0,0.0,0.32165781980647223,8.624365352178579,18.0
2025-01-07 22:00:00,22,1,2.4999999999999982,0.09285828488589833,0.0,10,0,0.0,6.810736555275017,0.18571656977179665,16.996453125046813,0,6.810736555275017,0,0.0,0.18571656977179665,6.9964531250468145,9.999999999999998
2025-01-07 23:00:00,23,1,3.705904774487392,0.24413850591208458,0.0,10,0,0.0,9.466293075370046,0.48827701182416916,19.954570087194217,0,9.466293075370046,0,0.0,0.48827701182416916,9.954570087194215,10.000000000000002
2025-01-08 00:00:00,0,2,5.0,0.20541935176616377,0.0,10,0,0.0,8.492128980024784,0.41083870353232754,18.90296768355711,0,8.492128980024784,0,0.0,0.41083870353232754,8.902967683557112,10.0
2025-01-08 01:00:00,1,2,6.294095225512604,0.04878508180346739,0.0,10,0,0.0,5.766213849220836,0.09757016360693478,15.863784012827772,0,5.766213849220836,0,0.0,0.09757016360693478,5.863784012827771,10.0
2025-01-08 02:00:00,2,2,7.5,0.27327815534815275,0.0,10,0,0.0,8.962533252548216,0.5465563106963055,19.509089563244522,0,8.962533252548216,0,0.0,0.5465563106963055,9.50908956324452,10.000000000000002
2025-01-08 03:00:00,3,2,8.535533905932738,0.24676117287695068,0.0,10,0,0.0,8.322507445533972,0.49352234575390136,18.816029791287875,0,8.322507445533972,0,0.0,0.49352234575390136,8.816029791287873,10.000000000000002
2025-01-08 04:00:00,4,2,9.330127018922193,0.2849399739875772,0.0,10,0,0.0,8.610153277654218,0.5698799479751544,19.180033225629373,0,8.610153277654218,0,0.0,0.5698799479751544,9.180033225629373,10.0
2025-01-08 05:00:00,5,2,9.829629131445342,0.217715852516508,0.0,10,0,0.0,7.649682669089451,0.435431705033016,18.085114374122465,0,7.649682669089451,0,0.0,0.435431705033016,8.085114374122467,9.999999999999998
2025-01-08 06:00:00,6,2,10.0,0.18402455878073695,0.0,10,0,0.0,7.208294705368843,0.3680491175614739,17.576343822930315,0,7.208294705368843,0,0.0,0.3680491175614739,7.576343822930316,10.0
2025-01-08 07:00:00,7,2,9.829629131445342,0.12547291088718565,0.0,10,0,0.0,6.527051859454159,0.2509458217743713,16.77799768122853,0,6.527051859454159,0,0.0,0.2509458217743713,6.77799768122853,10.0
2025-01-08 08:00:00,8,2,9.330127018922195,0.8763750952409863,0.0,10,0,0.0,16.10356114048326,1.7527501904819727,27.856311330965234,10,16.10356114048326,0,0.0,1.7527501904819727,27.856311330965234,0.0
2025-01-08 09:00:00,9,2,8.535533905932738,0.7546941385202149,0.797692508660022,10,8,4.528164831121289,15.161553639496736,1.5093882770404299,39.199106747658455,10,15.161553639496736,8,4.528164831121289,1.5093882770404299,39.199106747658455,0.0
2025-01-08 10:00:00,10,2,7.5,0.9746919954946938,0.5335382386942138,10,8,5.848151972968163,19.13303393467306,1.9493839909893875,44.93056989863061,10,19.13303393467306,8,5.848151972968163,1.9493839909893875,44.93056989863061,0.0
2025-01-08 11:00:00,11,2,6.294095225512605,0.6550083776583973,0.8749802351995889,10,8,3.9300502659503835,15.287499205994264,1.3100167553167945,38.527566227261445,10,15.287499205994264,8,3.9300502659503835,1.3100167553167945,38.527566227261445,0.0
2025-01-08 12:00:00,12,2,5.000000000000001,0.7364265404201034,0.6049527965477929,10,8,4.418559242520621,17.519251187141755,1.4728530808402067,41.41066351050259,10,17.519251187141755,8,4.418559242520621,1.4728530808402067,41.41066351050259,0.0
2025-01-08 13:00:00,13,2,3.705904774487396,0.6453894084962356,0.9490271447203569,10,8,3.8723364509774134,16.806815296567386,1.2907788169924712,39.96993056453727,10,16.806815296567386,8,3.8723364509774134,1.2907788169924712,39.96993056453727,0.0
2025-01-08 14:00:00,14,2,2.5000000000000013,0.9698774473114251,0.6025698202410036,10,8,5.819264683868551,23.91261022257279,1.9397548946228502,49.67162980106419,10,23.91261022257279,8,5.819264683868551,1.9397548946228502,49.67162980106419,0.0
2025-01-08 15:00:00,15,2,1.4644660940672645,0.9509357413523924,0.5953438603318333,10,8,5.705614448114355,24.527973158905336,1.901871482704785,50.13545908972447,10,24.527973158905336,8,5.705614448114355,1.901871482704785,50.13545908972447,0.0
2025-01-08 16:00:00,16,2,0.669872981077809,0.7031766510860622,0.5182748339240475,10,8,4.219059906516373,19.99884728440604,1.4063533021721244,43.62426049309453,10,19.99884728440604,8,4.219059906516373,1.4063533021721244,43.62426049309453,0.0
2025-01-08 17:00:00,17,2,0.17037086855465766,0.8639936184136716,0.7360334725549996,10,8,5.18396171048203,23.86066026190596,1.7279872368273432,48.77260920921533,10,23.86066026190596,8,5.18396171048203,1.7279872368273432,48.77260920921533,0.0
2025-01-08 18:00:00,18,2,0.0,0.9268888800804863,0.0,10,8,5.561333280482918,25.3915553617707,1.8537777601609726,50.80666640241459,10,25.3915553617707,0,5.561333280482918,1.8537777601609726,42.80666640241459,8.0
2025-01-08 19:00:00,19,2,0.17037086855465766,0.822080324639785,0.0,10,8,0.0,22.945708603144695,1.64416064927957,42.589869252424265,10,22.945708603144695,0,0.0,1.64416064927957,34.589869252424265,8.0
2025-01-08 20:00:00,20,2,0.6698729810778072,0.8118602313424026,0.0,10,8,0.0,22.317081856145002,1.6237204626848052,41.94080231882981,10,22.317081856145002,0,0.0,1.6237204626848052,33.94080231882981,8.0
2025-01-08 21:00:00,21,2,1.4644660940672614,0.14060794793849107,0.0,10,8,0.0,7.887459282334508,0.28121589587698215,26.16867517821149,0,7.887459282334508,0,0.0,0.28121589587698215,8.16867517821149,18.0
2025-01-08 22:00:00,22,2,2.4999999999999982,0.12444585070129954,0.0,10,0,0.0,7.426694088675341,0.24889170140259909,17.67558579007794,0,7.426694088675341,0,0.0,0.24889170140259909,7.675585790077941,9.999999999999998
2025-01-08 23:00:00,23,2,3.705904774487392,0.08202212157921186,0.0,10,0,0.0,6.5005205027686745,0.16404424315842372,16.6645647459271,0,6.5005205027686745,0,0.0,0.16404424315842372,6.664564745927098,10.0
2025-01-09 00:00:00,0,3,5.0,0.016912648995278133,0.0,10,0,0.0,5.287515032919728,0.033825297990556266,15.321340330910285,0,5.287515032919728,0,0.0,0.033825297990556266,5.321340330910284,10.0
2025-01-09 01:00:00,1,3,6.294095225512604,0.25941671287651596,0.0,10,0,0.0,9.074374189349097,0.5188334257530319,19.59320761510213,0,9.074374189349097,0,0.0,0.5188334257530319,9.593207615102129,10.000000000000002
2025-01-09 02:00:00,2,3,7.5,0.24387030273902327,0.0,10,0,0.0,8.536119389715838,0.48774060547804654,19.02385999519388,0,8.536119389715838,0,0.0,0.48774060547804654,9.023859995193884,9.999999999999996
2025-01-09 03:00:00,3,3,8.535533905932738,0.29991530198583916,0.0,10,0,0.0,9.038199414680275,0.5998306039716783,19.638030018651953,0,9.038199414680275,0,0.0,0.5998306039716783,9.638030018651953,10.0
2025-01-09 04:00:00,4,3,9.330127018922193,0.2989910511221716,0.0,10,0,0.0,8.788178640196856,0.5979821022443432,19.3861607424412,0,8.788178640196856,0,0.0,0.5979821022443432,9.386160742441199,10.0
2025-01-09 05:00:00,5,3,9.829629131445342,0.16662951168078824,0.0,10,0,0.0,7.027942954801354,0.3332590233615765,17.36120197816293,0,7.027942954801354,0,0.0,0.3332590233615765,7.3612019781629305,10.0
2025-01-09 06:00:00,6,3,10.0,0.23069622455415315,0.0,10,0,0.0,7.768354694649838,0.4613924491083063,18.229747143758143,0,7.768354694649838,0,0.0,0.4613924491083063,8.229747143758145,9.999999999999998
2025-01-09 07:00:00,7,3,9.829629131445342,0.2834297189647284,0.0,10,0,0.0,8.449444794970965,0.5668594379294568,19.01630423290042,0,8.449444794970965,0,0.0,0.5668594379294568,9.016304232900422,9.999999999999998
2025-01-09 08:00:00,8,3,9.330127018922195,0.8568126584617151,0.0,10,0,0.0,15.85570755128953,1.7136253169234301,27.56933286821296,10,15.85570755128953,0,0.0,1.7136253169234301,27.56933286821296,0.0
2025-01-09 09:00:00,9,3,8.535533905932738,0.6336559859980195,0.7043670855490483,10,8,3.801935915988117,13.531839538773093,1.267311971996039,36.601087426757246,10,13.531839538773093,8,3.801935915988117,1.267311971996039,36.601087426757246,0.0
2025-01-09 10:00:00,10,3,7.5,0.6646514856378455,0.5126931778301724,10,8,3.9879089138270727,14.63744654174876,1.329302971275691,37.95465842685152,10,14.63744654174876,8,3.9879089138270727,1.329302971275691,37.95465842685152,0.0
2025-01-09 11:00:00,11,3,6.294095225512605,0.9594216754108317,0.5780762986830952,10,8,5.75653005246499,20.068585472581677,1.9188433508216634,45.74395887586833,10,20.068585472581677,8,5.75653005246499,1.9188433508216634,45.74395887586833,0.0
2025-01-09 12:00:00,12,3,5.000000000000001,0.842571623863836,0.8579861144236988,10,8,5.055429743183016,19.32371760568521,1.685143247727672,44.0642905965959,10,19.32371760568521,8,5.055429743183016,1.685143247727672,44.0642905965959,0.0
2025-01-09 13:00:00,13,3,3.705904774487396,0.6036788206466518,0.8294619709550757,10,8,3.6220729238799105,16.043757830534993,1.2073576412933036,38.87318839570821,10,16.043757830534993,8,3.6220729238799105,1.2073576412933036,38.87318839570821,0.0
2025-01-09 14:00:00,14,3,2.5000000000000013,0.6405886171464128,0.5135479962517417,10,8,3.843531702878477,17.491478034355048,1.2811772342928256,40.616186971526346,10,17.491478034355048,8,3.843531702878477,1.2811772342928256,40.616186971526346,0.0
2025-01-09 15:00:00,15,3,1.4644660940672645,0.8654007076432223,0.6109860809664747,10,8,5.192404245859334,22.771465574025573,1.7308014152864446,47.69467123517135,10,22.771465574025573,8,5.192404245859334,1.7308014152864446,47.69467123517135,0.0
2025-01-09 16:00:00,16,3,0.669872981077809,0.6020246335384875,0.6155373982940358,10,8,3.6121478012309245,17.841261901896022,1.204049267076975,40.657458970203926,10,17.841261901896022,8,3.6121478012309245,1.204049267076975,40.657458970203926,0.0
2025-01-09 17:00:00,17,3,0.17037086855465766,0.6643232205669994,0.8359463717993643,10,8,3.985939323401997,19.501929528384963,1.3286464411339989,42.816515292920954,10,19.501929528384963,8,3.985939323401997,1.3286464411339989,42.816515292920954,0.0
2025-01-09 18:00:00,18,3,0.0,0.8194935157466344,0.0,10,8,4.916961094479807,23.02885734642596,1.6389870314932689,47.58480547239904,10,23.02885734642596,0,4.916961094479807,1.6389870314932689,39.58480547239904,8.0
2025-01-09 19:00:00,19,3,0.17037086855465766,0.8767580790770773,0.0,10,8,0.0,24.139303704251027,1.7535161581541545,43.89281986240518,10,24.139303704251027,0,0.0,1.7535161581541545,35.89281986240518,8.0
2025-01-09 20:00:00,20,3,0.6698729810778072,0.8607845038010402,0.0,10,8,0.0,23.3606428019961,1.7215690076020804,43.08221180959818,10,23.3606428019961,0,0.0,1.7215690076020804,35.08221180959818,8.0
2025-01-09 21:00:00,21,3,1.4644660940672614,0.23169551752069178,0.0,10,8,0.0,9.7579911558988,0.46339103504138357,28.221382190940183,0,9.7579911558988,0,0.0,0.46339103504138357,10.221382190940183,18.0
2025-01-09 22:00:00,22,3,2.4999999999999982,0.156049050333598,0.0,10,0,0.0,8.042956481505161,0.312098100667196,18.355054582172357,0,8.042956481505161,0,0.0,0.312098100667196,8.355054582172357,10.0
2025-01-09 23:00:00,23,3,3.705904774487392,0.25565445009556204,0.0,10,0,0.0,9.676966854874273,0.5113089001911241,20.188275755065398,0,9.676966854874273,0,0.0,0.5113089001911241,10.188275755065398,10.0
2025-01-10 00:00:00,0,4,5.0,0.16557205163234565,0.0,10,0,0.0,7.814724877749876,0.3311441032646913,18.145868981014566,0,7.814724877749876,0,0.0,0.3311441032646913,8.145868981014567,9.999999999999998
2025-01-10 01:00:00,1,4,6.294095225512604,0.16828139146061588,0.0,10,0,0.0,7.6430115095986695,0.33656278292123176,17.9795742925199,0,7.6430115095986695,0,0.0,0.33656278292123176,7.979574292519901,9.999999999999998
2025-01-10 02:00:00,2,4,7.5,0.2629960807975035,0.0,10,0,0.0,8.8134431715638,0.525992161595007,19.339435333158807,0,8.8134431715638,0,0.0,0.525992161595007,9.339435333158807,10.0
2025-01-10 03:00:00,3,4,8.535533905932738,0.1210448598637191,0.0,10,0,0.0,6.629804411496169,0.2420897197274382,16.871894131223605,0,6.629804411496169,0,0.0,0.2420897197274382,6.871894131223607,9.999999999999998
2025-01-10 04:00:00,4,4,9.330127018922193,0.04020456853519222,0.0,10,0,0.0,5.509386776599923,0.08040913707038444,15.589795913670308,0,5.509386776599923,0,0.0,0.08040913707038444,5.589795913670308,10.0
2025-01-10 05:00:00,5,4,9.829629131445342,0.00863480289400169,0.0,10,0,0.0,5.10508875359687,0.01726960578800338,15.122358359384874,0,5.10508875359687,0,0.0,0.01726960578800338,5.122358359384873,10.0
2025-01-10 06:00:00,6,4,10.0,0.22654117670208568,0.0,10,0,0.0,7.718494120425028,0.45308235340417136,18.171576473829198,0,7.718494120425028,0,0.0,0.45308235340417136,8.1715764738292,9.999999999999998
2025-01-10 07:00:00,7,4,9.829629131445342,0.1860928654060394,0.0,10,0,0.0,7.264819187983525,0.3721857308120788,17.637004918795604,0,7.264819187983525,0,0.0,0.3721857308120788,7.637004918795603,10.0
2025-01-10 08:00:00,8,4,9.330127018922195,0.7060809470726902,0.0,10,0,0.0,13.945955913770106,1.4121618941453804,25.358117807915487,10,13.945955913770106,0,0.0,1.4121618941453804,25.358117807915487,0.0
2025-01-10 09:00:00,9,4,8.535533905932738,0.6975958573516334,0.9481679092605599,10,8,4.185575144109801,14.392755768672851,1.3951917147032669,37.97352262748592,10,14.392755768672851,8,4.185575144109801,1.3951917147032669,37.97352262748592,0.0
2025-01-10 10:00:00,10,4,7.5,0.9892042219009782,0.506500961755368,10,8,5.935225331405869,19.343461217564183,1.9784084438019565,45.257094992772004,10,19.343461217564183,8,5.935225331405869,1.9784084438019565,45.257094992772004,0.0
2025-01-10 11:00:00,11,4,6.294095225512605,0.7572390898667042,0.542754265427234,10,8,4.543434539200225,16.89312503696596,1.5144781797334084,40.9510377558996,10,16.89312503696596,8,4.543434539200225,1.5144781797334084,40.9510377558996,0.0
2025-01-10 12:00:00,12,4,5.000000000000001,0.9568186220708453,0.6039431275730136,10,8,5.740911732425072,21.265916575204372,1.9136372441416907,46.92046555177114,10,21.265916575204372,8,5.740911732425072,1.9136372441416907,46.92046555177114,0.0
2025-01-10 13:00:00,13,4,3.705904774487396,0.8524554503989051,0.5132661019369098,10,8,5.114732702393431,20.594901185104806,1.7049109007978103,45.414544788296055,10,20.594901185104806,8,5.114732702393431,1.7049109007978103,45.414544788296055,0.0
2025-01-10 14:00:00,14,4,2.5000000000000013,0.9179245214166594,0.5907177175448987,10,8,5.507547128499956,22.899528167624858,1.8358490428333187,48.24292433895813,10,22.899528167624858,8,5.507547128499956,1.8358490428333187,48.24292433895813,0.0
2025-01-10 15:00:00,15,4,1.4644660940672645,0.8010548372420768,0.7915207804848461,10,8,4.806329023452461,21.450088770696098,1.6021096744841536,45.858527468632715,10,21.450088770696098,8,4.806329023452461,1.6021096744841536,45.858527468632715,0.0
2025-01-10 16:00:00,16,4,0.669872981077809,0.8307615538505436,0.7107122752962489,10,8,4.984569323103262,22.720249466069262,1.6615231077010872,47.36634189687361,10,22.720249466069262,8,4.984569323103262,1.6615231077010872,47.36634189687361,0.0
2025-01-10 17:00:00,17,4,0.17037086855465766,0.7970070775275455,0.9463358555384874,10,8,4.782042465165273,22.398368917563424,1.594014155055091,46.774425537783785,10,22.398368917563424,8,4.782042465165273,1.594014155055091,46.774425537783785,0.0
2025-01-10 18:00:00,18,4,0.0,0.6780971951192178,0.0,10,8,4.068583170715307,19.918138292622793,1.3561943902384357,43.342915853576535,10,19.918138292622793,0,4.068583170715307,1.3561943902384357,35.342915853576535,8.0
2025-01-10 19:00:00,19,4,0.17037086855465766,0.888980846104602,0.0,10,8,0.0,24.406122175421952,1.777961692209204,44.18408386763116,10,24.406122175421952,0,0.0,1.777961692209204,36.18408386763116,8.0
2025-01-10 20:00:00,20,4,0.6698729810778072,0.7123089449763423,0.0,10,8,0.0,20.19364027305984,1.4246178899526847,39.61825816301253,10,20.19364027305984,0,0.0,1.4246178899526847,31.618258163012527,8.0
2025-01-10 21:00:00,21,4,1.4644660940672614,0.18662601006836205,0.0,10,8,0.0,8.832464757487793,0.3732520201367241,27.205716777624517,0,8.832464757487793,0,0.0,0.3732520201367241,9.205716777624517,18.0
2025-01-10 22:00:00,22,4,2.4999999999999982,0.2587091126240235,0.0,10,0,0.0,10.044827696168458,0.517418225248047,20.562245921416505,0,10.044827696168458,0,0.0,0.517418225248047,10.562245921416505,10.0
2025-01-10 23:00:00,23,4,3.705904774487392,0.2848561870972926,0.0,10,0,0.0,10.211186212334306,0.5697123741945852,20.780898586528888,0,10.211186212334306,0,0.0,0.5697123741945852,10.780898586528892,9.999999999999996
2025-01-11 00:00:00,0,5,5.0,0.04412204427871138,0.0,10,0,0.0,5.750074752738094,0.08824408855742276,15.838318841295516,0,5.750074752738094,0,0.0,0.08824408855742276,5.838318841295517,10.0
2025-01-11 01:00:00,1,5,6.294095225512604,0.27797628754844833,0.0,10,0,0.0,9.365869101801456,0.5559525750968967,19.921821676898354,0,9.365869101801456,0,0.0,0.5559525750968967,9.921821676898352,10.000000000000002
2025-01-11 02:00:00,2,5,7.5,0.14763488792386145,0.0,10,0,0.0,7.140705874895991,0.2952697758477229,17.435975650743714,0,7.140705874895991,0,0.0,0.2952697758477229,7.435975650743714,10.0
2025-01-11 03:00:00,3,5,8.535533905932738,0.0774733164896875,0.0,10,0,0.0,6.043136843070339,0.154946632979375,16.198083476049714,0,6.043136843070339,0,0.0,0.154946632979375,6.198083476049715,10.0
2025-01-11 04:00:00,4,5,9.330127018922193,0.1377407268714784,0.0,10,0,0.0,6.745157513782962,0.2754814537429568,17.02063896752592,0,6.745157513782962,0,0.0,0.2754814537429568,7.020638967525919,10.0
2025-01-11 05:00:00,5,5,9.829629131445342,0.2940097725856431,0.0,10,0,0.0,8.578207971346691,0.5880195451712862,19.166227516517978,0,8.578207971346691,0,0.0,0.5880195451712862,9.166227516517978,10.0
2025-01-11 06:00:00,6,5,10.0,0.14778542819786086,0.0,10,0,0.0,6.77342513837433,0.2955708563957217,17.06899599477005,0,6.77342513837433,0,0.0,0.2955708563957217,7.068995994770052,9.999999999999996
2025-01-11 07:00:00,7,5,9.829629131445342,0.09862548308625246,0.0,10,0,0.0,6.200308706250057,0.19725096617250493,16.39755967242256,0,6.200308706250057,0,0.0,0.19725096617250493,6.397559672422562,9.999999999999996
2025-01-11 08:00:00,8,5,9.330127018922195,0.9854479908357011,0.0,10,0,0.0,17.48550087334666,1.9708959816714022,29.45639685501806,10,17.48550087334666,0,0.0,1.9708959816714022,29.45639685501806,0.0
2025-01-11 09:00:00,9,5,8.535533905932738,0.941203782186944,0.7437155991247568,10,8,5.647222693121664,17.672806412863977,1.882407564373888,43.202436670359525,10,17.672806412863977,8,5.647222693121664,1.882407564373888,43.202436670359525,0.0
2025-01-11 10:00:00,10,5,7.5,0.7177795568278342,0.9472761134470458,10,8,4.306677340967005,15.407803574003596,1.4355591136556685,39.15004002862627,10,15.407803574003596,8,4.306677340967005,1.4355591136556685,39.15004002862627,0.0
2025-01-11 11:00:00,11,5,6.294095225512605,0.7540390914407701,0.8999276279736577,10,8,4.52423454864462,16.842866166409728,1.5080781828815402,40.87517889793589,10,16.842866166409728,8,4.52423454864462,1.5080781828815402,40.87517889793589,0.0
2025-01-11 12:00:00,12,5,5.000000000000001,0.9404546686067428,0.7126067522346167,10,8,5.642728011640457,20.987729366314625,1.8809093372134855,46.51136671516857,10,20.987729366314625,8,5.642728011640457,1.8809093372134855,46.51136671516857,0.0
2025-01-11 13:00:00,13,5,3.705904774487396,0.726768802062511,0.5112346541600588,10,8,4.3606128123750665,18.2955776718633,1.453537604125022,42.10972808836339,10,18.2955776718633,8,4.3606128123750665,1.453537604125022,42.10972808836339,0.0
2025-01-11 14:00:00,14,5,2.5000000000000013,0.6677970986744369,0.634338679692473,10,8,4.006782592046622,18.02204342415152,1.3355941973488739,41.364420213547014,10,18.02204342415152,8,4.006782592046622,1.3355941973488739,41.364420213547014,0.0
2025-01-11 15:00:00,15,5,1.4644660940672645,0.82272050498334,0.7708171073304335,10,8,4.9363230299000405,21.89500482519148,1.64544100996668,46.476768865058204,10,21.89500482519148,8,4.9363230299000405,1.64544100996668,46.476768865058204,0.0
2025-01-11 16:00:00,16,5,0.669872981077809,0.9744619096643123,0.8167391099130736,10,8,5.846771457985874,25.785396308241264,1.9489238193286247,51.58109158555577,10,25.785396308241264,8,5.846771457985874,1.9489238193286247,51.58109158555577,0.0
2025-01-11 17:00:00,17,5,0.17037086855465766,0.8784119186699892,0.6289438427166012,10,8,5.2704715120199355,24.175406409207195,1.7568238373399785,49.20270175856711,10,24.175406409207195,8,5.2704715120199355,1.7568238373399785,49.20270175856711,0.0
2025-01-11 18:00:00,18,5,0.0,0.828024468035746,0.0,10,8,4.968146808214476,23.216538296786414,1.656048936071492,47.84073404107239,10,23.216538296786414,0,4.968146808214476,1.656048936071492,39.84073404107238,8.000000000000007
2025-01-11 19:00:00,19,5,0.17037086855465766,0.6388705975083074,0.0,10,8,0.0,18.94630820659124,1.2777411950166149,38.22404940160786,10,18.94630820659124,0,0.0,1.2777411950166149,30.224049401607854,8.000000000000004
2025-01-11 20:00:00,20,5,0.6698729810778072,0.8460028906796679,0.0,10,8,0.0,23.045349116572662,1.6920057813593359,42.737354897932,10,23.045349116572662,0,0.0,1.6920057813593359,34.737354897932,8.0
2025-01-11 21:00:00,21,5,1.4644660940672614,0.05169596136048895,0.0,10,8,0.0,6.06160416731811,0.1033919227209779,24.164996090039086,0,6.06160416731811,0,0.0,0.1033919227209779,6.164996090039088,18.0
2025-01-11 22:00:00,22,5,2.4999999999999982,0.05768670564260123,0.0,10,0,0.0,6.124890760030723,0.11537341128520245,16.240264171315925,0,6.124890760030723,0,0.0,0.11537341128520245,6.240264171315926,10.0
2025-01-11 23:00:00,23,5,3.705904774487392,0.01226058487994366,0.0,10,0,0.0,5.2242963073141695,0.02452116975988732,15.248817477074057,0,5.2242963073141695,0,0.0,0.02452116975988732,5.2488174770740565,10.0
2025-01-12 00:00:00,0,6,5.0,0.05068051892164936,0.0,10,0,0.0,5.8615688216680395,0.10136103784329872,15.96292985951134,0,5.8615688216680395,0,0.0,0.10136103784329872,5.9629298595113385,10.0
2025-01-12 01:00:00,1,6,6.294095225512604,0.08357710170958758,0.0,10,0,0.0,6.31265400077843,0.16715420341917517,16.479808204197607,0,6.31265400077843,0,0.0,0.16715420341917517,6.479808204197605,10.000000000000002
2025-01-12 02:00:00,2,6,7.5,0.053103145283024046,0.0,10,0,0.0,5.769995606603849,0.10620629056604809,15.876201897169897,0,5.769995606603849,0,0.0,0.10620629056604809,5.876201897169897,10.0
2025-01-12 03:00:00,3,6,8.535533905932738,0.026610760127116682,0.0,10,0,0.0,5.35829967746892,0.053221520254233365,15.411521197723154,0,5.35829967746892,0,0.0,0.053221520254233365,5.411521197723153,10.0
2025-01-12 04:00:00,4,6,9.330127018922193,0.03619076133018024,0.0,10,0,0.0,5.458532349141886,0.07238152266036048,15.530913871802248,0,5.458532349141886,0,0.0,0.07238152266036048,5.530913871802246,10.000000000000002
2025-01-12 05:00:00,5,6,9.829629131445342,0.13823363040981773,0.0,10,0,0.0,6.682354548594197,0.27646726081963546,16.958821809413834,0,6.682354548594197,0,0.0,0.27646726081963546,6.958821809413832,10.000000000000002
2025-01-12 06:00:00,6,6,10.0,0.06190011552173775,0.0,10,0,0.0,5.742801386260853,0.1238002310434755,15.866601617304328,0,5.742801386260853,0,0.0,0.1238002310434755,5.866601617304328,10.0
2025-01-12 07:00:00,7,6,9.829629131445342,0.10928095831442264,0.0,10,0,0.0,6.329989791557585,0.21856191662884528,16.548551708186434,0,6.329989791557585,0,0.0,0.21856191662884528,6.54855170818643,10.000000000000004
2025-01-12 08:00:00,8,6,9.330127018922195,0.9468289274320415,0.0,10,0,0.0,16.9962022453741,1.893657854864083,28.889860100238185,10,16.9962022453741,0,0.0,1.893657854864083,28.889860100238185,0.0
2025-01-12 09:00:00,9,6,8.535533905932738,0.9652962210225885,0.5054979143292402,10,8,5.791777326135531,17.9971982386899,1.930592442045177,43.71956800687061,10,17.9971982386899,8,5.791777326135531,1.930592442045177,43.71956800687061,0.0
2025-01-12 10:00:00,10,6,7.5,0.8045369595443751,0.5684428150344036,10,8,4.82722175726625,16.66578591339344,1.6090739190887502,41.102081589748444,10,16.66578591339344,8,4.82722175726625,1.6090739190887502,41.102081589748444,0.0
2025-01-12 11:00:00,11,6,6.294095225512605,0.8006065178748798,0.9500093209240525,10,8,4.803639107249278,17.574249731576803,1.6012130357497596,41.97910187457584,10,17.574249731576803,8,4.803639107249278,1.6012130357497596,41.97910187457584,0.0
2025-01-12 12:00:00,12,6,5.000000000000001,0.9193180715867101,0.9369450387812577,10,8,5.515908429520261,20.62840721697407,1.8386361431734202,45.98295178966775,10,20.62840721697407,8,5.515908429520261,1.8386361431734202,45.98295178966775,0.0
2025-01-12 13:00:00,13,6,3.705904774487396,0.8599855723111061,0.7987065510851541,10,8,5.159913433866636,20.73265795242633,1.7199711446222121,45.61254253091518,10,20.73265795242633,8,5.159913433866636,1.7199711446222121,45.61254253091518,0.0
2025-01-12 14:00:00,14,6,2.5000000000000013,0.8807867509030813,0.8002584302168267,10,8,5.284720505418488,22.175341642610086,1.7615735018061627,47.22163564983473,10,22.175341642610086,8,5.284720505418488,1.7615735018061627,47.22163564983473,0.0
2025-01-12 15:00:00,15,6,1.4644660940672645,0.9183170677744404,0.8325183372731277,10,8,5.509902406646643,23.85813128167875,1.8366341355488809,49.20466782387428,10,23.85813128167875,8,5.509902406646643,1.8366341355488809,49.20466782387428,0.0
2025-01-12 16:00:00,16,6,0.669872981077809,0.9560021367270265,0.5876856393117248,10,8,5.736012820362159,25.391647006748496,1.912004273454053,51.03966410056471,10,25.391647006748496,8,5.736012820362159,1.912004273454053,51.03966410056471,0.0
2025-01-12 17:00:00,17,6,0.17037086855465766,0.7351980627406143,0.9572059729624799,10,8,4.411188376443686,21.049101047784696,1.4703961254812286,44.93068554970961,10,21.049101047784696,8,4.411188376443686,1.4703961254812286,44.93068554970961,0.0
2025-01-12 18:00:00,18,6,0.0,0.7502331810559776,0.0,10,8,4.501399086335866,21.505129983231505,1.5004663621119552,45.50699543167933,10,21.505129983231505,0,4.501399086335866,1.5004663621119552,37.50699543167933,8.0
2025-01-12 19:00:00,19,6,0.17037086855465766,0.6375927759363476,0.0,10,8,0.0,18.918413835579194,1.2751855518726951,38.19359938745189,10,18.918413835579194,0,0.0,1.2751855518726951,30.19359938745189,8.0
2025-01-12 20:00:00,20,6,0.6698729810778072,0.8313120563984696,0.0,10,8,0.0,22.731991755340765,1.6626241127969392,42.394615868137706,10,22.731991755340765,0,0.0,1.6626241127969392,34.394615868137706,8.0
2025-01-12 21:00:00,21,6,1.4644660940672614,0.06280479700101309,0.0,10,8,0.0,6.289730038269527,0.12560959400202618,24.41533963227155,0,6.289730038269527,0,0.0,0.12560959400202618,6.415339632271553,17.999999999999996
2025-01-12 22:00:00,22,6,2.4999999999999982,0.11114163083741459,0.0,10,0,0.0,7.167261801329584,0.22228326167482917,17.389545063004412,0,7.167261801329584,0,0.0,0.22228326167482917,7.389545063004413,10.0
2025-01-12 23:00:00,23,6,3.705904774487392,0.14535689555730638,0.0,10,0,0.0,7.659172889010254,0.29071379111461276,17.949886680124866,0,7.659172889010254,0,0.0,0.29071379111461276,7.949886680124867,10.0
2025-01-13 00:00:00,0,0,5.0,0.1854764314590888,0.0,10,0,0.0,8.153099334804509,0.3709528629181776,18.524052197722686,0,8.153099334804509,0,0.0,0.3709528629181776,8.524052197722686,10.0
2025-01-13 01:00:00,1,0,6.294095225512604,0.11067409187093172,0.0,10,0,0.0,6.738236747927723,0.22134818374186344,16.959584931669585,0,6.738236747927723,0,0.0,0.22134818374186344,6.959584931669586,10.0
2025-01-13 02:00:00,2,0,7.5,0.13876041483994436,0.0,10,0,0.0,7.0120260151791935,0.2775208296798887,17.289546844859085,0,7.0120260151791935,0,0.0,0.2775208296798887,7.289546844859082,10.000000000000004
2025-01-13 03:00:00,3,0,8.535533905932738,0.22424128144012695,0.0,10,0,0.0,8.019289130840784,0.4484825628802539,18.467771693721037,0,8.019289130840784,0,0.0,0.4484825628802539,8.467771693721039,9.999999999999998
2025-01-13 04:00:00,4,0,9.330127018922193,0.01100496086717937,0.0,10,0,0.0,5.139431456348895,0.02200992173435874,15.161441378083254,0,5.139431456348895,0,0.0,0.02200992173435874,5.1614413780832535,10.0
2025-01-13 05:00:00,5,0,9.829629131445342,0.07573108330320623,0.0,10,0,0.0,5.921675370077427,0.15146216660641246,16.073137536683838,0,5.921675370077427,0,0.0,0.15146216660641246,6.07313753668384,9.999999999999998
2025-01-13 06:00:00,6,0,10.0,0.21400487576536573,0.0,10,0,0.0,7.568058509184389,0.42800975153073145,17.99606826071512,0,7.568058509184389,0,0.0,0.42800975153073145,7.99606826071512,10.0
2025-01-13 07:00:00,7,0,9.829629131445342,0.2685620513061598,0.0,10,0,0.0,8.268499765615768,0.5371241026123196,18.80562386822809,0,8.268499765615768,0,0.0,0.5371241026123196,8.805623868228087,10.000000000000002
2025-01-13 08:00:00,8,0,9.330127018922195,0.9079974212394444,0.0,10,0,0.0,16.504211994249957,1.8159948424788888,28.320206836728847,10,16.504211994249957,0,0.0,1.8159948424788888,28.320206836728847,0.0
2025-01-13 09:00:00,9,0,8.535533905932738,0.6863284109987373,0.7380252010995498,10,8,4.117970465992424,14.24104561928756,1.3726568219974746,37.731672907277456,10,14.24104561928756,8,4.117970465992424,1.3726568219974746,37.731672907277456,0.0
2025-01-13 10:00:00,10,0,7.5,0.8491561903276001,0.8318355826813241,10,8,5.094937141965601,17.312764759750202,1.6983123806552003,42.10601428237101,10,17.312764759750202,8,5.094937141965601,1.6983123806552003,42.10601428237101,0.0
2025-01-13 11:00:00,11,0,6.294095225512605,0.6341389859975072,0.968414869662379,10,8,3.804833915985043,14.959726527866843,1.2682779719950144,38.032838415846896,10,14.959726527866843,8,3.804833915985043,1.2682779719950144,38.032838415846896,0.0
2025-01-13 12:00:00,12,0,5.000000000000001,0.6206726884674431,0.8662860486051251,10,8,3.7240361308046586,15.551435703946533,1.2413453769348861,38.51681721168608,10,15.551435703946533,8,3.7240361308046586,1.2413453769348861,38.51681721168608,0.0
2025-01-13 13:00:00,13,0,3.705904774487396,0.8125418526272592,0.6074701892953784,10,8,4.875251115763556,19.864718026677508,1.6250837052545184,44.36505284769558,10,19.864718026677508,8,4.875251115763556,1.6250837052545184,44.36505284769558,0.0
2025-01-13 14:00:00,14,0,2.5000000000000013,0.8162540486440426,0.5155915675306424,10,8,4.897524291864256,20.91695394855883,1.6325080972880852,45.446986337711174,10,20.91695394855883,8,4.897524291864256,1.6325080972880852,45.446986337711174,0.0
2025-01-13 15:00:00,15,0,1.4644660940672645,0.8549719605992826,0.6311320221499126,10,8,5.129831763595695,22.557305685508354,1.7099439211985652,47.397081370302615,10,22.557305685508354,8,5.129831763595695,1.7099439211985652,47.397081370302615,0.0
2025-01-13 16:00:00,16,0,0.669872981077809,0.8904365334890646,0.7975389653501275,10,8,5.342619200934387,23.993124361610512,1.7808730669781292,49.11661662952303,10,23.993124361610512,8,5.342619200934387,1.7808730669781292,49.11661662952303,0.0
2025-01-13 17:00:00,17,0,0.17037086855465766,0.9903408317850139,0.5257129067421251,10,8,5.942044990710083,26.618773071593953,1.9806816635700277,52.54149972587406,10,26.618773071593953,8,5.942044990710083,1.9806816635700277,52.54149972587406,0.0
2025-01-13 18:00:00,18,0,0.0,0.8065201393204782,0.0,10,8,4.839120835922869,22.74344306505052,1.6130402786409563,47.19560417961435,10,22.74344306505052,0,4.839120835922869,1.6130402786409563,39.19560417961435,8.0
2025-01-13 19:00:00,19,0,0.17037086855465766,0.7291825891764984,0.0,10,8,0.0,20.91778549083003,1.4583651783529967,40.376150669183026,10,20.91778549083003,0,0.0,1.4583651783529967,32.376150669183026,8.0
2025-01-13 20:00:00,20,0,0.6698729810778072,0.9180744779074814,0.0,10,8,0.0,24.582645226597254,1.8361489558149628,44.41879418241221,10,24.582645226597254,0,0.0,1.8361489558149628,36.41879418241221,8.0
2025-01-13 21:00:00,21,0,1.4644660940672614,0.26715818422196846,0.0,10,8,0.0,10.486235950337658,0.5343163684439369,29.020552318781593,0,10.486235950337658,0,0.0,0.5343163684439369,11.020552318781595,18.0
2025-01-13 22:00:00,22,0,2.4999999999999982,0.1780777360662146,0.0,10,0,0.0,8.472515853291185,0.3561554721324292,18.828671325423613,0,8.472515853291185,0,0.0,0.3561554721324292,8.828671325423613,10.0
2025-01-13 23:00:00,23,0,3.705904774487392,0.20373069574334687,0.0,10,0,0.0,8.727068748288723,0.40746139148669375,19.134530139775418,0,8.727068748288723,0,0.0,0.40746139148669375,9.134530139775416,10.000000000000002
2025-01-14 00:00:00,0,1,5.0,0.23675137158220147,0.0,10,0,0.0,9.024773316897425,0.47350274316440294,19.498276060061826,0,9.024773316897425,0,0.0,0.47350274316440294,9.498276060061828,9.999999999999998
2025-01-14 01:00:00,1,1,6.294095225512604,0.14953265967871718,0.0,10,0,0.0,7.348545713589763,0.29906531935743436,17.6476110329472,0,7.348545713589763,0,0.0,0.29906531935743436,7.647611032947197,10.000000000000004
2025-01-14 02:00:00,2,1,7.5,0.026076086426227107,0.0,10,0,0.0,5.378103253180293,0.052152172852454215,15.430255426032746,0,5.378103253180293,0,0.0,0.052152172852454215,5.430255426032748,9.999999999999998
2025-01-14 03:00:00,3,1,8.535533905932738,0.16113196254556433,0.0,10,0,0.0,7.169555846365267,0.32226392509112867,17.491819771456395,0,7.169555846365267,0,0.0,0.32226392509112867,7.491819771456395,10.0
2025-01-14 04:00:00,4,1,9.330127018922193,0.17605233540626372,0.0,10,0,0.0,7.230560727619468,0.35210467081252744,17.582665398431995,0,7.230560727619468,0,0.0,0.35210467081252744,7.582665398431995,10.0
2025-01-14 05:00:00,5,1,9.829629131445342,0.223631842255299,0.0,10,0,0.0,7.721682458265102,0.447263684510598,18.1689461427757,0,7.721682458265102,0,0.0,0.447263684510598,8.1689461427757,9.999999999999998
2025-01-14 06:00:00,6,1,10.0,0.1294978638689038,0.0,10,0,0.0,6.5539743664268455,0.2589957277378076,16.812970094164655,0,6.5539743664268455,0,0.0,0.2589957277378076,6.812970094164653,10.000000000000002
2025-01-14 07:00:00,7,1,9.829629131445342,0.038274090838669124,0.0,10,0,0.0,5.465809880163353,0.07654818167733825,15.542358061840691,0,5.465809880163353,0,0.0,0.07654818167733825,5.542358061840691,10.0
2025-01-14 08:00:00,8,1,9.330127018922195,0.8196906658824482,0.0,10,0,0.0,15.385376620505706,1.6393813317648964,27.0247579522706,10,15.385376620505706,0,0.0,1.6393813317648964,27.0247579522706,0.0
2025-01-14 09:00:00,9,1,8.535533905932738,0.8858383690800249,0.7951153334345435,10,8,5.315030214480149,16.927340685301836,1.7716767381600498,42.01404763794204,10,16.927340685301836,8,5.315030214480149,1.7716767381600498,42.01404763794204,0.0
2025-01-14 10:00:00,10,1,7.5,0.8640789506870925,0.6804869484700133,10,8,5.184473704122555,17.529144784962842,1.728157901374185,42.44177639045957,10,17.529144784962842,8,5.184473704122555,1.728157901374185,42.44177639045957,0.0
2025-01-14 11:00:00,11,1,6.294095225512605,0.7119735587783771,0.5457910366633171,10,8,4.271841352670263,16.182188916126094,1.4239471175567542,39.877977386353116,10,16.182188916126094,8,4.271841352670263,1.4239471175567542,39.877977386353116,0.0
2025-01-14 12:00:00,12,1,5.000000000000001,0.9819461122652776,0.9586567877311214,10,8,5.8916766735916655,21.69308390850972,1.9638922245305552,47.548652806631935,10,21.69308390850972,8,5.8916766735916655,1.9638922245305552,47.548652806631935,0.0
2025-01-14 13:00:00,13,1,3.705904774487396,0.8951587666783074,0.5684093154594807,10,8,5.370952600069844,21.376119719565374,1.7903175333566148,46.537389852991836,10,21.376119719565374,8,5.370952600069844,1.7903175333566148,46.537389852991836,0.0
2025-01-14 14:00:00,14,1,2.5000000000000013,0.8217416210045603,0.9751186769104012,10,8,4.930449726027362,21.023961609588927,1.6434832420091205,45.597894577625404,10,21.023961609588927,8,4.930449726027362,1.6434832420091205,45.597894577625404,0.0
2025-01-14 15:00:00,15,1,1.4644660940672645,0.8446882984937409,0.7230028864789779,10,8,5.068129790962446,22.346125193662846,1.6893765969874819,47.10363158161277,10,22.346125193662846,8,5.068129790962446,1.6893765969874819,47.10363158161277,0.0
2025-01-14 16:00:00,16,1,0.669872981077809,0.7678400249711159,0.5925664644193098,10,8,4.6070401498266955,21.37812526284629,1.5356800499422318,45.52084546261521,10,21.37812526284629,8,4.6070401498266955,1.5356800499422318,45.52084546261521,0.0
2025-01-14 17:00:00,17,1,0.17037086855465766,0.699092395800463,0.770950473689179,10,8,4.194554374802778,20.260927728937705,1.398184791600926,43.853666895341405,10,20.260927728937705,8,4.194554374802778,1.398184791600926,43.853666895341405,0.0
2025-01-14 18:00:00,18,1,0.0,0.7423890714605046,0.0,10,8,4.454334428763028,21.3325595721311,1.4847781429210092,45.27167214381513,10,21.3325595721311,0,4.454334428763028,1.4847781429210092,37.27167214381514,7.999999999999993
2025-01-14 19:00:00,19,1,0.17037086855465766,0.9031384441857476,0.0,10,8,0.0,24.71517729092542,1.8062768883714952,44.52145417929692,10,24.71517729092542,0,0.0,1.8062768883714952,36.52145417929692,8.0
2025-01-14 20:00:00,20,1,0.6698729810778072,0.6057573954519023,0.0,10,8,0.0,17.920882187640558,1.2115147909038047,37.132396978544364,10,17.920882187640558,0,0.0,1.2115147909038047,29.132396978544364,8.0
2025-01-14 21:00:00,21,1,1.4644660940672614,0.08552855060815413,0.0,10,8,0.0,6.756374450939033,0.17105710121630827,24.927431552155344,0,6.756374450939033,0,0.0,0.17105710121630827,6.927431552155341,18.000000000000004
2025-01-14 22:00:00,22,1,2.4999999999999982,0.05201207858842644,0.0,10,0,0.0,6.0142355324743155,0.10402415717685289,16.11825968965117,0,6.0142355324743155,0,0.0,0.10402415717685289,6.118259689651168,10.0
2025-01-14 23:00:00,23,1,3.705904774487392,0.2690296273879275,0.0,10,0,0.0,9.92165362191892,0.538059254775855,20.459712876694777,0,9.92165362191892,0,0.0,0.538059254775855,10.459712876694775,10.000000000000002
